Lepotička posebnih barv TWIGI,"Twigi je cca. 4 mesece stara muca, cepljena, čipirana, testirana na mačje bolezni (negativna) in sterilizirana. Je zelo prijazna,",Podarim
Mala mucka LISA cepljena in sterilizirana,"Lisa je približno 3 mesece strara tigrasta mucka, cepljena, čipirana, testirana na mačje bolezni (negativna) in bo ob odhodu",Podarim
Črna lepotička PEARL cepljena in sterilizirana,"Pearl je prijazna in crkljiva muca stara cca. 10 mesecev, za katero iščemo notranje-zunanji dom stran od prometnih cest,",Podarim
Mucka MIŠA cepljena in sterilizirana,"Miša je cca 3 mesece stara mucka, cepljena, čipirana, testirana na mačje bolezni (negativna) in bo ob oddaji sterilizirana.",Podarim
Mucek JERRY cepljen in kastriran,"Jerry je cca 3 mesece star mucek, cepljen, čipiran, testiran na mačje bolezni (negativen) in bo ob oddaji kastriran. Je zelo",Podarim
KARTUZIJKA - kartuzijska mačka - britanka - perzijka,"Na voljo imamo Kartuzijske mladičke, na razpolago imamo dva samčka in dve samički.
Mucki so večkrat razgliščeni ter veterinarsko","250,00 €"
Podarim mucka,"Prikupni Tito je zelo crkljiv mucek, navajen notranjega bivanja.
Rad ima otroke in druge živali (psi in druge mačke)
Podarim",Podarim
BRITANSKA MAČKA / BRITANKA,"Nov ljubeč domek iščemo še za eno britančico, čudovite barve. Za oddajo že primerna. Je zelo nežna, prikupna, predvsem pa","300,00 €"
mucke,"podarim 4 mucke : 2 siva,crni in crno beli.
Mama je zelo dober lovec
Okolica Lenarta-Voličina
info 041 220 446",Podarim
"Oddamo mucko: VILI, samček","Datum prihoda: 02.10.2016

				VILI
		Spol: samček
		Starost ob prihodu: 4 mesece
		Kontakt: info@macjahisa.si, 040 937 959

		
Vili																				</div>",Podarim
Mucki,Skrbnim in odgovornim ljubiteljem živali podarimo mlade muce - sivo tigrastega samčka in samičko in črno samičko z belo liso,Podarim
Mucki potrebujeta dom,Skrbnim in ljubečim ljudem oddamo samički. Sta navajeni na notranji (in zunanji) prostor.,Podarim
Mucke,"Tri male mucke (dva samčka in samička), stare 6 mesecev iščejo nov dom. Mucke so vajene otrok, zato so primerne tudi za družine.",Podarim
muc Lan,"Prelep in nežen pogled, skrbno negovan kožušček in dolgi beli brkci. To je super muc LAN, s čudovitim karakterjem. V družbo",Po dogovoru
muca Lina,"Prijazna, nežna, z izredno mehkim črno belim kožuščkom in prelepimi očmi. To je LINA. Pridna mucka, tiha, ljubezniva, predvsem",Po dogovoru
Filip in Maks,"Filip in Maks sta bratca ki iščeta po možnosti skupen, topel dom. Odrasla, dokaj mirna mačkona, ki sta sprva nekoliko sramežljiva,",Po dogovoru
Podarim 4 muce,"Podarim 4 male muce. So dolgodlake.
Kontakt:  031349187",Podarim
Male mucike,"Mladi, igrive mucike čakajo na nove lastnike. 
Tel.: 03 5827 254
mob.: 070 702 255",Podarim
Exot (kratkodlaka perzijka),"Naprodaj imamo mlade mucke pasme exot-kratkodlaka perzijka. na dom čakajo 4 punčke in 1 fantek.So popolnoma sobno čiste,uporabljajo",Po dogovoru
Britanka britanska mačka,V sredini oktobra bodo naše male britanke dopolnile 3 mesece. Takrat lahko gredo v nove domove. Na razpolago imamo 1 punčko,Po dogovoru
Puhasti Nishe (DZZŽ Kranj),"Nishe je star 3 mesece in je v celoti veterinarsko oskrbljen. Je prijazen in scrkljan muc. Zelo rad se boža in zaprede takoj, ko zagleda človeka. Je sobno",Po dogovoru
Mlade mucke!,"3 mlade mucke, 2 tigrasti in 1 črna, iščejo nov dom. Vajene so zunanjega življenja, vendar se mladički hitro privadijo na nov dom. Potrebujejo nežno roko","3,00 €"
RAGDOLL mladiči,"Za v nov dom bosta kmalu pripravljena samička in en samček pasme RAGDOLL.Mladička bosta do odhoda večkrat razglistena, navajena na mačji wc, socializirana,","290,00 €"
Sem dolgodlaki črn mucek in kratkodlaka peščena mucka,"Sva bratec in sestrica. Sva zelo igriva, navajena vse hrane. Najraje pa se cartava. Dobila sva ampulo za notranje in zunanje zajedalce. To pomeni da sva","15,00 €"
Podarim 2 mucki,Podarim 2 mucki zelo lepi. Slike pošlem po MMS-u 041965061,Podarim
Podarim mlade mucke,"Podarim mlade tigraste mucke, so zelo zdravi, igrivi, ter vajeni življenja zunaj in notri. Več info na 051671003",Podarim
britanka / britanska - mladički,na voljo novo leglo prekrasnih britančkov. na razpolago 5 samčkov ter 3 samičke. en samček je lila barve. možen ogled ter izbira mucka pri nas. pripravljeni,"370,00 €"
Oddam muceka,"Oddam muca je zelo prijazen se rad crklja, star je 3mesece 040637638 alenka",Podarim
Maine coon,Madiči obeh spolov cepljeni vet pregledani oba starša imamo doma.Na slikah naši mladići in starša.068 649 892 Na vseh slikah so nasi mucki.,Po dogovoru
Podarimo 3 muce,"Podarimo 3 muce, stare 5 mesecev. Več informacij na 041/382-854, Aleš.",Podarim
Nujno podarim,"Oddam muca Tomija starega 3 leta, kastriran, čipiran, cepljen, čist (živel samo v stanovanju), navajen otrok in zelo prijazen.Nujno! Podarim zaradi selitev.",Podarim
Prikupna Eva in Bučman (DZZŽ Kranj),"Skupen ‘za vedno dom’ in pripadajočo ljubečo družinico iščeta prijazna mucka Eva in Bučman, štirimesečna bratec in sestrica, ki sta močno močno navezana",Po dogovoru
mladi mucki,"Čez približno en mesec bodo na voljo mladi mucki za oddajo. Želim jih oddati res skrbnim lastnikom. Več podatkov dobite na tel. št. 01/7227-500, Olga.",Podarim
Scrkljana Gardy (DZZŽ Kranj),"Gardy je stara 3 mesece in je v celoti veterinarsko oskrbljena. Je scrkljana muca, ki se rada boža in zaprede samo, da zagleda človeka. Je prijazna in",Po dogovoru
Mucka Živa (DZZŽ Kranj),"Živa je mačja mladička, stara 3 mesece. Pobrana je bila na odstavnem pasu avtoceste in bila rešena, tik preden bi jo povozilo. Zaradi svoje izkušnje je",Po dogovoru
Prikupni mačji princeski Olivia in Yodi (DZZŽ Kranj),"Olivia in Yodi sta mali mačji princeski, stari 3 mesece. Karakterno sta sproščeni, ekstra socializirani, igrivi, prisrčni, prijazni in crkljivi mačji mladički,",Po dogovoru
Nagajiva mala Chloe (DZZŽ Kranj),"Chloe je stara 3 mesece in je v celoti veterinarsko oskrbljena. Je prijazna in scrkljana muca, ki bi se non stop božala in zato je človeku vedno za petami.",Po dogovoru
Nagajivi in igrivi mali Max (DZZŽ Kranj),"Max je star 3 mesece in je v celoti veterinarsko oskrbljen. Je igriv muc, ki je veliko časa v gibanju in se igra z drugimi mački. Človeku ob njem nikoli",Po dogovoru
Prijazna Goldy (DZZŽ Kranj),"Goldy je stara 3, 5 mesecev in je v celoti veterinarsko oskrbljena. Je prijazna in razigrana muca. Rada se boža in ves čas prede. Je sobno čista in pridno",Po dogovoru
Mačja dama Miša (DZZŽ Kranj),"Miša je v celoti veterinarsko urejena. Je že umirjena muca, ki ne uničuje več stvari in že razume česa ne sme. Je scrkljana in rada se boža. Je pridna",Po dogovoru
Mali črni panter Mihec in puhasti Bacci (DZZŽ Kranj),"Mihec je mali črni panter, nezahteven, nemoteč in nevsiljiv, skoraj neopazen muc, dokler se tiho ne prikrade v naročje in ob vztrajnem božanju prav nežno",Po dogovoru
Igriva cartasta Neja z repkom kot antenca (DZZŽ Kranj),"Mala Neja je živahna, po izgledu čudovita, po karakterju prijetno prismuknjena in izredno prijazna mucka z zelo zdravim apetitom : ) . Bila je najmanjša",Po dogovoru
Lepa mala Ariella (DZZŽ Kranj),"Ariella je razigran mačji otrok, poln energije in dobre volje, ko se utrudi, pa postane prava crkljivka. Pridno uporablja mačji wc in je nasploh zelo pridna",Po dogovoru
Čudežna pisana Dašenka (DZZŽ Kranj),Mala pisana Dašenka je bila potegnjena praktično izpod kosilnice ob eni najbolj prometnih ljubljanskih cest v času jutranje prometne gneče. Nekaj časa,Po dogovoru
Mali črni panter Liam (DZZŽ Kranj),"Liam je mali mačji črni panter, star 3 mesece. Zelo rad ima ljudi in je izjemno družaben. Če je le mogoče se namontira v naročje. Zelo rad pa tudi pomaga",Po dogovoru
Prikupna nežna Nur (DZZŽ Kranj),"Nur je prikupna nežna tigričica, stara 3 mesece, ki išče bližino človeka na vsakem koraku. Rada poležava in se crklja. Ko je spočita pa uganja vragolije",Po dogovoru
Crkljiva črnuhica Cici (DZZŽ Kranj),"Cici je medvedkasto luštna mucka, črno srebrne barve. Je prijazna, igriva, nekonfliktna in crkljiva mucka stara 3 mesece. Je sobno čista in pridno uporablja",Po dogovoru
Luštna črno srebrna lepotička Lina (DZZŽ Kranj),"Lina je medvedkasto luštna črnuhica. Je prijazna, igriva, nekonfliktna in crkljiva mucka stara 3 mesece. Je sobno čista in pridno uporablja mačji wc. Z",Po dogovoru
Cartljivec Bacardi (DZZŽ Kranj),"Bacardi je mačji mladič, star 6 mesecev. Je izredno živahen, prijazen, igriv in cartljiv muc, ki se rad pogovarja. Rad se zabava s svojo najboljšo prijateljico",Po dogovoru
Mehka Casali (DZZŽ Kranj),"Casali je mlada muca, stara 6 mesecev. Je izredno živahna, prijazna, igriva in cartljiva muca, ki se rada stisne v naročje. Rada se zabava s svojim najboljšim",Po dogovoru
"Mala, predoča Janis (DZZŽ Kranj) Cena: Po dogovoru","Mala Janis je trimesečna mucka, ki je bila najdena popolnoma shirana in premražena v vasi na Gorenjskem. S skrbno nego se je počasi poredila in pozdravila",Po dogovoru
Prijazna India išče dom z varnimi izhodi v okolje (DZZŽ Kr),"Čisto bela mucka India je bila skupaj z dvema mladičkoma in muckom Iggyjem najdena na območju Besnice, kjer je že dolga leta odlagališče živali. Po karakterju",Po dogovoru
Igrivi Iggy išče dom z varnimi izhodi v okolje (DZZŽ Kranj),"Črno beli Iggy je bil skupaj z dvema mladičkoma in mucko Indio najden na območju Besnice, kjer je že dolga leta odlagališče živali. Po karakterju je crkljiv,",Po dogovoru
Mucka Maca,"Pomagamo pri oddaji – mucka MACA Prijazna muca, sterilizirana in zdrava, išče skrben in varen dom, kjer ji bodo omogočili varne zunanje izhode. Če bi ji",Po dogovoru
Britanske mačke - britanke,"Prodam leglo britanskih muck, na voljo so samčki in samičke, oba starša imamo doma, kjer si jih lahko tudi ogledate, mucki bodo pred odhodom cepljeni,",Po dogovoru
Podarim mlado muco,Podarimo mlado muco. Navajena je na hišo in dvorišče. Je zelo prijazna. Zainteresirani in ljubitelji živali pokličite na tel: 041 243 323 ( Magda) ali,Podarim
"Oddamo mucko: PIKI, samček","Datum prihoda: 10.09.2016 PIKI Spol: samček Starost ob prihodu: 1 leto Kontakt: info@macjahisa.si, 040 937 959 Piki je prijazen in na ljudi navezan muc,																				</div>",Podarim
"Oddamo mucko: ALICA, samička","Datum prihoda: 01.10.2016 ALICA Spol: samička Starost ob prihodu: 5 mesecev Kontakt: info@macjahisa.si Alica je muca, ki z ljudmi sicer sobiva, ni pa (še)																				</div>",Podarim
"Oddamo mucko: KENNY, samček","Datum prihoda: 01.10.2016 KENNY Spol: samček Starost ob prihodu: 5, 5 mesecev Kontakt: info@macjahisa.si, 040 937 959 Kenny je razigran, prijazen muc,																				</div>",Podarim
"Oddamo mucko: DIDI, samička","Datum prihoda: 01.10.2016 DIDI Spol: samička Starost ob prihodu: 4 mesece Kontakt: info@macjahisa.si, 040 937 959 Didi je radovedna, igriva mucka, vajena																				</div>",Podarim
"Oddamo mucko: NEMO, samček","Datum prihoda: 01.10.2016 NEMO Spol: samček Starost ob prihodu: 4 mesece Kontakt: info@macjahisa.si, 040 937 959 Nemo je prijazen, igriv mucek z raziskovalno																				</div>",Podarim
"Oddamo mucko: KAI, samček","Datum prihoda: 01.10.2016 KAI Spol: samček Starost ob prihodu: 4 mesece Kontakt: info@macjahisa.si, 040 937 959 Kai je navihan, razigran muc, ki se v mačji																				</div>",Podarim
"Oddamo mucko: STEFFI, samička","Datum prihoda: 01.10.2016 STEFFI Spol: samička Starost ob prihodu: 4 mesece Kontakt: info@macjahisa.si, 040 937 959 Steffi je prijazna, razigrana mucka,																				</div>",Podarim
"Oddamo mucko: JUAN in GARCIA, samček","Datum prihoda: 01.10.2016 JUAN in GARCIA Spol: samček Starost ob prihodu: 4, 5 mesecev Kontakt: info@macjahisa.si Juan in Garcia sta prijazna, cartljiva																				</div>",Podarim
MUCKA PANDI IŠČE DOM,"Le še mucka Pandi je ostala, vse njene sestrice so že našle dom. Stara okrog štiri mesece, čipirana in sterilizirana. Nahaja se v Litiji in se oddaja za",Podarim
Mucke za oddajo (posamično ali skupaj),"Oddajam oziroma podarim mucke, ki jih lahko vidite na slikah. Mucke so prijazne, čiste, navajene življenja v stanovanju. Pokličite na 040-205-567",Podarim
BRITANKA &amp; MAINE COON mladički- kratko in dolgodlaki mucki,Letošnje poletje smo dočakali prav posebno mačje leglo. Mamica BRITANSKA MUCKA in oče MAINE COON sta postala starša sedmim navihanim mačjim mladičkom.,"50,00 €"
MAINE COON-AMERIŠKA GOZDNA DOLGODLAKA MAČKA mladički mešanci,"Naša MAINE COONKA si je pred nekaj meseci dovolila malo daljši sprehod po vasi, kjer si je našla ženina. Rezultat njenega pohajkovanja je pet malih muckov,","40,00 €"
Muc išče ljubeč dom,"Skrbnim lastnikom oddamo čudovitega samčka. Je zelo čist, malenkost plah, star nekje 6 mesecev in rešen pred smrtjo zaradi izstradanja. Muc bo tudi kastriran.",Podarim
Prisrčno mlado mucko oddamo v dobre roke,"Črno belo mucko, staro tri mesece, podarimo. Mucka je zdrava, igriva, samostojno je in zna uporabljati pesek. Smo iz Maribora. pokličite 040 228 040.",Podarim
BRITANKE-DOLGODLAKI BRITANEC IŠČE SAMICO ZA PARITEV,"Za paritev naš nadebudni britanec čistokrvni vendar brez rodovnika išče samico.Mačkon je redno cepljen, čipiran s potnim listom, veterinarsko pregledan,","170,00 €"
Mačja mladiča,Podarim 2 mlada mucka. En samec in ena samička. Še nista za oddajo bosta pa približno za kaki mesec. Za več informacij in slike pišite na inez.balazic@gmail.com,Podarim
Mlada mucka igriva navajena čistoče,Podarim mlado mucko staro 3 mesce,Podarim
Podarim mlada mucka,"Podarim dva mlada mucka, samca, rojena 18. 7. (sivo-bele barve) in 28. 7. 2016 (črno-bele). Sta potomca dobrih lovcev, navajena na naravo in ljudi ter",Podarim
Podarim mucka stara mesec in pol,"Podarim 2 mucka, brez rodovnika stara mesec in pol. En samček in ena samička. Lahko posamično ali oba skupaj. Nahajam se v centru Ljubljane. Kontakt na:",Podarim
SALLY,"SALLY - samička - odrasla Sally je edina od legla, ki je še ostala z nami. Sally je simpatična, igriva, prava mačja navihanka . Veterinarsko pregledana,",Po dogovoru
Muc SCOOBY,"SCOOBY - samček - mlad Več info: 030 926 440 macja.preja@gmail.com ---------------------------------------- Muc je v domači oskrbi prostovoljk, oddaja",Po dogovoru
Muc SVEN,"SVEN - samček - mlad Več info: 030 926 440 macja.preja@gmail.com ---------------------------------------- Muc je v domači oskrbi prostovoljk, oddaja se",Po dogovoru
Muca SAJA,SAJA - samička - mlada Oddaja se preko Društva Mačja Preja Več info: 030 926 440 macja.preja@gmail.com ---------------------------------------- Muca je,Po dogovoru
Muca SANA,SANA - samička - mlada Oddaja se preko Društva Mačja Preja Več info: 030 926 440 macja.preja@gmail.com ---------------------------------------- Muca je,Po dogovoru
Muca TIGRIS,"TIGRIS - samička - odrasla Več info: 030 926 440 macja.preja@gmail.com ---------------------------------------- Muca je v domači oskrbi prostovoljk, oddaja",Po dogovoru
Prijazen in scerkljan mucek,"Mucek je zelo prijazen, scerkljan in igriv. Star je nekaj mesecev in ima gostejšo črno dlako, na vratu pa nekaj belih dlačic. Je zelo čist in navajen tudi",Podarim
Ragdoll muce,"Modrooki RAGDOLL mladički v barvi blue mitted in seal mitted, cepljeni, kastrirani, redno razčrvičeni, redno veterinarsko pregledani in z zdravstveno garancijo,","750,00 €"
Muca Stella,"Približno 10 mesečna zelo prijazna mucka z daljšo dlako je veterinarsko pregledana, očiščena zajedalcev, negativna na FIV/FeLV in sterilizirana. Išče prijazen",Podarim
Muca Beccy,"Beccy je prijazna dveletna muca, negativna na FIV/FeLV, cepljena proti kužnim boleznim in sterilizirana. Išče prijazen in varen dom. Kontakt 051 314 102.",Podarim
Mucka Luna,Zelo crkljiva in živahna Luna je veterinarsko pregledana in očiščena zajedalcev .Čaka na odgovornega in prijaznega posvojitelja. Kontakt 051 314 102.,Podarim
Mucka Mimi,"Štirimesečna Mimi išče varen in prijazen dom. Bila je ujeta v past, vendar se je tačka popolnoma pozdravila. Je razbolhana in razglistena. Kontakt 051",Podarim
Muc Garfield,"Prijazni štiri- do petmesečni Garfield išče varen in prijazen dom. Je veterinarsko pregledan, razbolhan, razglisten, negativen na FIV/FeLV in kastriran",Podarim
Scottish fold straight muca,"Scotish fold muca s pokončnimi ušesi. Rojen 20.06. Pripravljen za nov dom, cepljena, čipirana. Socializirani, ljubki, ki se uporablja za otroke. Starši,","350,00 €"
"Maine coon,perzijski mladicki mesancki",Avgusta so se skotili 4 cudoviti mladicki mesani med maine coon in perzijskim mucom. Mucki ze jejo samostojo hrano in so navajeni na macji wc. Na voljo,"150,00 €"
MLADA MUCKA IŠČE DOM,Podarimo mlado mačko. Za oddajo bo primerna v začetku novembra. Je zelo prijazna in igriva. Primerna za stanovanje ali vrt.,Podarim
Podarim muco,Pozdravljeni vsi kateri bi radi imeli muco za hišnega ljubljenčka. Podarim zelo priljubljeneno muco ki je moškega spola.Zelo rad se igra in je navajen,Podarim
Oddam mlade mucke,"Oddam mlade mucke, so zdravi in razigrani. Sedaj so stari 9 tednov, že jejo brikete in meso... Po zakonu jih lahko oddam z dopolnjenim dvanajstim tednom",Podarim
Oddam dve mladi muci,"Prijaznim ljudem podarimo mladi muci, samčka (slika 1, 2) ali samičko (slika 3, 4). Stara sta 2 meseca in že jesta brikete ter tudi drugo hrano. Muci sta",Podarim
Himalajski perzijci,Mucki so razglisteni in navajeni na mačji wc. Za več informacij pokličite na: 041-676-806 ali 031-686-403.,"300,00 €"
Mucka Roxy,"Zelo crkljiva trimesečna Roxy je veterinarsko pregledana, očiščena zajedalcev , cepljena proti kužnim boleznim in testirana-negativna na FIV/FeLV.. Čaka",Podarim
"Blacky, Lana, Vinka in Igi","2 bratca in 2 sestrici iščejo prijazne in varne domove. So veterinarsko pregledani, očiščeni notranjih in zunanjih zajedalcev ter cepljeni proti kužnim",Podarim
Aleks in Leksa,"Bratec in sestrica Aleks in Leksa iščeta prijazen in varen dom, ne nujno skupnega. Očiščena sta notranjih in zunanjih zajedalcev, negativna na FIV/FeLV",Podarim
Mucek Spock išče dom!,"Tigrast mucek Spock, 3 mesece star, išče dom, je zelo socializiran in crkljiv. Je zadnji od 4 zavrženih, tigrastih muc, da dobi dom. Njihov rešitelj je",Podarim
SIBIRSKA MAČKA - NEVA MASQUERADE,"Mačkarna sibirskih mačk/ Neva Masquerade ""SNEZHNIY BARS"" proda zelo kvalitetne mladičke v barvi seal-silver tabby point z belinami in popolnoma belo mladičko.","1.000,00 €"
Iščemo nov dom za dva mucka,"Oddamo dva mlada mucka z daljšo dlako, bratca in sestrico, stara približno dva meseca in pol (skotena okrog 15. julija). Lahko skupaj ali pa vsakega posebej.",Podarim
MAINE COON,Na razpolago imamo mladičke muck pasme Maine Coon. Za več informacij nas kontaktirajte na tel. št.: 070 595 753 ali pišite na e-mail: severlaz80@gmail.com.,"300,00 €"
Kratkodlaka perzijska muca,Prodamo kratkodlako sivo bele barve perzijsko muco.vec informacij na sporocilo.rojena je bila 4.4.2016. 041859936,"180,00 €"
mlade muce,mucek(MOŠKEGA SPOLA) IŠČE NOVI DO..SMO IZ SLOV.KONJIC! ŠTEVILKA 070402756,"10,00 €"
donsfing,gsm 040506402 prodam malega macaka starega 4 mesece.zelo prijazen.hodi na svoj wc in ima rad bljizino ljudi,"200,00 €"
maine coon mladički,Madiči obeh spolov cepljeni vet pregledani oba starša imamo doma.Na slikah naši mladići in starša.068 649 892,Po dogovoru
MAINE COON mladički,"Na svet so pokukali mali mainekunčki, ki so sedaj že dovolj samostojni, da odidejo k svojim novim družinam. Maine coon je pasma mačke v katero se zaljubiš","320,00 €"
podarim dve muci,Oddam samčka in samičko roj. 17.07.16 051853153,Podarim
Muc Miki,"Miki je prijazen, nekoliko nezaupljiv dveletni muc, pozitiven na FeLV (levkoza). Išče dom, kjer bo edini muc ali pa bi delal družbo pozitivnemu mucku ali",Podarim
Muc Luka,"Prijazni štirimesečni Luka išče varen in prijazen dom, kjer ga bodo zelo crkljali. Je veterinarsko pregledan, razbolhan, razglisten , cepljen proti kužnim",Podarim
oddamo male mucke,"Oddamo male mucke, ki so se skotili avgusta. So igrivi. Že jejo brikete junior in mačjo hrano junior. (tel.: 041-475 971",Podarim
Mladi mucki,"Podarimo tri mlade mucke. So igrivi, nagajivi in crkljivi. Navajeni so na čistočo v stanovanju. Tel 031 343 159",Podarim
PODARIMO ŠTIRI MLADE MUCE,"V ljubečo družino oddamo muce, odraščajo na ekološki kmetiji in so vajene živali, tudi psov... Najraje bi videli, da gredo v paru lahko pa tudi posamezno.",Podarim
Prisrčen tigrast mucek išče dom,"Podarim majhnega mucka, starega okoli 2 meseca, samčka. Bil je najden v okolici Ljubljane okoli 2 tedna nazaj in bi ga z veseljem obdržala, vendar se ne",Podarim
oddaja muc,Svoj novi dom iščejo tri mlade muce skotene 12.7.2016. Muce so navajene mačjega stranišča in pasje družbe. Oddajomo jih izključno ljubiteljem živali. Za,Podarim
Podarim mucke,"Igrivi in crkljivi mucki iščejo novega lastnika. Za oddajo so že pripravljeni, skoteni so bili konec julija. Mucki so vajeni ostalih živali in človekove",Podarim
kupim perzijko ali britanko,kupim perzijko ali britanko ponudbe v zasebca..... pa ne nekih cen za 300e ali pa 400 lp,Kupim
Mali muc,"Podarimo malega muca, najdenega v stari podrti hiši na koncu vasi. Star je približno mesec in pol, mamico je povozil avto in je tako ostal sam. Zelo rad",Podarim
oddamo mačje mladiče,"Nov dom iščejo prikupni mačji mladički - 4 fantki in ena punčka. So zdravi, razglisteni, navajeni mačjega stranišča, družbe odraslih mačk in psa.Vse info",Podarim
podarim muce,podarim majhne mucke 031393476,Podarim
podarim muco,Podarim muco. Muca je vajena mačjega stranišča in pasje družbe. Podarim jo ljubiteljem živali. za več inf. pokličite na 031534097 ( po 16.00 ) ali pišite,Podarim
Britanska mačka-mladički,"Na voljo imamo Britanske mladičke (domače leglo), na voljo so dve samički in en samček, barve black silver tabby ter golden spotted tabby. Mucki bodo veterinarko","350,00 €"
Podarimo mlado mačko,"Podarimo skoraj pol leta staro mlado mačko. Mucka je prijazna, igriva, zdrava. Primerna za otroke. Lahko biva v stanovanju ali na vrtu.",Podarim
oddamo male muce,"oddamo 2 mali uci, ki sta navajeni na psa. za oddajo bosta na voljo čez približno 10 dni.",Podarim
Podarimo mlade mucke,"Pred nekaj dnevi se je k nam zatekla muca s petimi mladički. Zdaj za njih skrbimo, saj nimamo srca, da bi jih odgnali. Mucki so sicer malo plašni, ampak",Podarim
perzijske mačke -exot (kratkodlaka perzijka),Na voljo imamo še dva mucka pasme EXOT(kratkodlake perzijke)..Na voljo 1 samček(Maxin) in 1 samički (Meggie).Dopolnila sta 3 mesece. Imata že opravljeno,Po dogovoru
perzijske mačke -exot,"Sprejemamo rezervacije za leglo prekrasnih malih kepic.V leglu so tri samičke in en samček (Ronalda, Rizla, Rolada in Ramirez).Male mačkice bodo primerne","350,00 €"
Odrasli Sibirska mačka in Neva Masquerade iščeta skupni dom,"Dve odrasli sterilizirani samički pasme Sibirska mačka in Neva Masquerade iščeta dom. Pogoj je, da sta v skupnem notranjem domu, ker sta izredno navezani","400,00 €"
Podarim malega mucka,"Dobrim ljudem podarim pol leta starega mucka Jošta, je veterinarsko oskrbljen, kastriran, cepljen, uporablja mačji wc, je zelo igriv in scrkljan. Za več",Podarim
"PODARIM mucko crne barve, staro 13 tednov","PODARIM mucko crne barve, staro 13 tednov, macka je nebojeca in prijazna. Nahajam se v okolici Ljubljana-Medvode. 040 236 622",Podarim
mladi mucki,"Prodam tri prikupne oranžne mucke, ki bodo za oddajo primerne čez približno mesec dni. Sobivajo s psom in zajčkom v hiši, pa tudi zunaj. So igrive in prijazne.","40,00 €"
Oddam mucka,"3 mesece star mucek išče nov dom. Je zdrav, igriv, čist (navajen na pesek) in socializiran. Lahko je zunanji ali pa hišni, trenutno je z mamico zunaj.",Podarim
mucke,podarim muscke stare 4 mesece.,Podarim
Dolgodlak temno-rjav muc in mucica,"Prodamo ljubka dolgodlaka izredno lepa mucka (muc in mucica). Sta sicer potomca siamske muce, (ki je veterinarsko pregledana in redno cepljena) vendar","55,00 €"
Dolgodlak črno bel muc,"Prodamo ljubkega dolgodlakega izredno lepega mačkona (muc). Je sicer potomec siamske muce, (ki je veterinarsko pregledana in redno cepljena) vendar drugačne","25,00 €"
MLADA MUCA,Oddamo mlado muco,Podarim
MLADA MUCA,Oddamo mlado muco,Podarim
MUCKI mladi Ljubljana-Brezovica,Podarim štiri mlade mucke tel.št: 051/249 713 Robi,Podarim
MUCKI mladi Ljubljana-Brezovica,Podarim štiri mlade mucke tel.št: 051/249 713 Robi,Podarim
Britanka viskas,Mali pasemski muce 030646855,"350,00 €"
Mlade mucke,"Oddam 3 mlade mucke (samičke), ki bodo kmalu stare 2 meseca. 
Več informacij na:
tina.velikonja5665@gmail.com
ali
041651417",Podarim
Maine coon,"Prodam samčka in samičko črne barve, z daljšo in gosto dlako. Sta zelo cartljiva in igriva, navajena bivanja znotraj in zunaj.","200,00 €"
Oddamo mlada mucka,"Oddamo dva mucka, prvi je črno-bel (punčka), drugi pa oranžno-bel (fantek). Smo iz okolice Nakla. Pokličete lahko na telefon",Podarim
Podarim mačka,"Prijaznim lastnikom podarim mačka Lumpija, ki je star 2 leti in pol. Pred enim letom smo ga posvojili iz zavetišča, a ga",Podarim
Mladi mucki,Skrbnim lastnikom podarjam živahne in prijazne mlade mucke. Skotili so se aprila. Na voljo je 9 muckov; 2 črnobela (samec,Podarim
PODARIM tri male mucke,"Na voljo so 3 male mucike. Zelo so lepe. Spola še ne vemo točno, mislimo da sta sve samički in en samček. Nujno potrebujejo",Podarim
ragdoll mladicek,Prodam ragdoll mladicka starega 3 mesece. Je zelo prijazen in igriv.Vec info in slike na številki 040 254 531. Na email ne,"180,00 €"
podarim 4 mačke,"podarim

telefon: 070/712/090(marija)",Podarim
Mladi mucki iščejo nov dom,"Oddamo mlade mucke. So zelo prijazni in igrivi.
 031373903",Podarim
Oddamo 3 mesece staro muco,"Dobrim lastnikom podarimo mlado muco staro 3 mesece. Muca je bele barve z oranžnimi progami, navajena čistoče in ""mačjega",Podarim
Podarim mucka in mucko,"Oddam dva mačja mladiča, samčka in samičko. Skotila sta se 5. julija. Sta zelo lepa, navihana in razigrana, pravi mali dlakavi",Podarim
Muc ARČI,"ARČI - samček - mlad 


Več info:
030 926 440
macja.preja@gmail.com

----------------------------------------
Muc",Po dogovoru
Muca ISSA,"ISSA - samička

Več info:
030 926 440
macja.preja@gmail.com

----------------------------------------
Muca je v domači",Po dogovoru
Muc AXI,"AXI - samček - mlad

Več info:
030 926 440
macja.preja@gmail.com

----------------------------------------
Muc je",Po dogovoru
Muca PETKA,"PETKA - samička

Petka je bila čisto majcena kepica, ko je bila najdena zapuščena na cesti na... ja, seveda, na petek.",Po dogovoru
Muca HOLLY,"HOLLY - samička - odrasla

Holly je prijazna, umirjena in cartljiva muca. Rada ima mačjo družbo, še rajši pa človeško.

Več",Po dogovoru
Muca BUCKA,"BUCKA - samička

Bila je zavržena z mamo muco, z bratcem in sestrico. 
Hraniteljici, 
ki jih je dobila na lokaciji, so",Po dogovoru
Muc CIPOLLINO,"CIPOLLINO - samček

Več info:
030 926 440
macja.preja@gmail.com

----------------------------------------
Muc je v",Po dogovoru
DYLAN - samček,"DYLAN - samček

Kako lahko, da enega takšnega mačjega lepotca, prijaznega, scartanega ...še ga ni nihče opazil ....
Dylan",Po dogovoru
Muc BIONDO,"BIONDO

Biondo je muc, ki živi na zelo prometni ulici. Na začetku smo ga videvali samo občasno, nikakor ne ob slabem vremenu,",Po dogovoru
Muc Mikro išče nov dom.,"Muc Mikro se ozira za novim domom. Njegovo zgodbo si lahko preberete na http://dpmzkoroske.com/mikro-lese/ Je veterinarsko oskrbljen, cartljiv in nežno",Podarim
"Muca, muc, Janko in Metka iščeta nov dom.","Janko (belo-siv) in Metka(črna) iščeta nov dom. Veterinarsko oskrbljena in zdrava, vajena mačjih prijateljev, privajata se tudi pasje družbe. 15.9. bosta",Podarim
Muc Ash išče nov dom.,"Mladi Ash išče nov dom. Iz dneva v dan bolj navihan in catrljiv. Vajen je pasje in mačje družbe, majhni otrok, že kastriran, negativen na Corona virus,",Podarim
Muci Bina in Pina iščeta nov dom.,"Želvovinka Bina ter tigrica Pina iščeta nov dom. Bina je zelo živahna in neustrašna muca, Pina pa je mirna in se drži bolj zase. Obe sta veterinarsko oskrbljeni",Podarim
MLADI MUCKI,"4X4 mačje tačke čakajo na nove skrbne in dobre lastnike. Navajene so ljudi in otrok, navajene so na mačje stranišče in na mačjo hrano. Oddamo jih zares",Podarim
MLADI MUCKI!,"4X4 male mačje taćke čakajo na dobre in skrbne lastnike. Mucke so navajene na uporabo mačjega stranišča, rade so v družbi ljudi in otrok. Oddamo jih zares",Podarim
Maček Filip išče nov dom,"Oddajam mačka, starega 7 let. Je miren, prijazen, plašljiv. Navajen je živeti v stanovanju in hkrati na prostem v večjem atriju (idealen lastnik bi bil",Podarim
MUCKE 3 SRCKANE STARE 2 MESECA PODARIMO,"2 SIVI IN ENO CRNO MUCKO STARE 2 MESECA PODRIMO VSE SKUPAJ ALI POSAMEZNO DOBRI DRUZINI , POKLICITE NA TEL 031 587 511 ALI PA 056 741016 - SMO V PORTOROZU,",Podarim
podarim muco,Podarim muco (samička). Navajena je mačjega stranišča in pasje družbe. Podarim jo ljubiteljem živali. Za več inf. pokličite na 031534097 (po 16.00 ) ali,Podarim
Podarim muce,"Podarim dve (skupaj) od štirih muc (po lastni izbiri). Muce so zdrave, sterilizirane oz. kastrirani. Navajene so na mačji wc. 23. septembra so dopolnili",Podarim
Čistopasemske perzijske in eksotske perzijske mucke,Naši igrivi in prisrčni eksotski sestrici in dolgodlaka polsestra so dopolnile štiri mesece in se lahko preselijo v nov varen in ljubeč dom. Mucke imajo,Po dogovoru
Podarimo mlade mucke,"Podarimo mlade mucke, različnih barv, od tigrastih, lisastih .... Lokacija LJUBLJANA, Trnovo Kontakt 041 799342, 070 727 244",Podarim
Podarim mlade in igrive črno-bele mucice,"Blacky Sladka taca, Bella, Lava in Dama (ki ima malo daljšo dlako) so prikupne mlade mucice, ki iščejo prijazen dom. Stare so tri mesece in so veterinarsko",Podarim
Podarim mucka,"Podarim mucka, starega približno 4 mesece. Je prijazen, zaupljiv in navajen na ljudi. Prosim pokličite na 031 448 279.",Podarim
hišna mucka,"Iščem zdravo mucko (samičko), navajeno na življenje izključno v stanovanju. Pogoj je, da se rada crklja, pestuje, boža. Nudili ji bomo lep dom.",Kupim
Podarimo mlade muce,"Podarimo mlade muce, ki bodo primerne za oddajo konec oktobra. So igrive in cartljive- tako jih vzgajamo, zunanjo-notranje(ponoči notranje bivanje). So",Podarim
PODARIM MUCE,"Podarimo 3 male muce.So zelo čiste, navajene mačjega wc-ja.So zdrave in igrive.Vse so muce.Več info.na tel.št.070-841-365",Podarim
Podarim mucko,Podarim mucko samičko. Več informacij na tel.št.: 040/469-403,Podarim
*Američani iščejo dom* Arizona - Montana - Ohio,"Člani ""ameriške"" mačje družinice iščejo dom. Montana in Ohio sta navihana mačja mladiča stara štiri mesece, oba sta veterinarsko urejena, sterilizirana/kastrirana",Podarim
&quot;Gospodje&quot; iz Polzele iščejo svoj dom,"Mucki so bili rešeni iz kraja v savinjski dolini - Polzela. So veterinarsko pregledani, cepljeni proti kužnim boleznim in kastrirani. Oddajajo se skupaj",Podarim
Nežna Seeya išče dom,"Seeya je nežno mačje bitje, ki je že bila veterinarsko pregledana, cepljena proti kužnim boleznim ter sterilizirana. Išče čisto svoj dom , kjer bo lahko",Podarim
Prijazni Ford išče dom,"Ford se je že pripeljal iz veterinarskega pregleda, kjer je prejel cepiva proti kužnim boleznim ter opravil kastracijo. Sedaj si želi popeljati še v čisto",Podarim
Radovedna Toyota išče svoj dom,"Toyota se je že pripeljala iz veterinarskega pregleda, kjer je opravila cepljenje proti kužnim boleznim ter sterilizacijo. Sedaj pa bi se želela popeljati",Podarim
Nagajiva Kia išče dom,"Kia je nagajiv mačji mladiček, ki je že prestala veterinarski pregled in cepljenja proti kužnim boleznim ter sterilizacijo. Oddaja se sama ali v paru s",Podarim
Navihana Mazda išče dom,"Mladička Mazda je že prestala veterinarski pregled, cepljenje in sterilizacijo. Sedaj čaka le še na čisto svoje nove lastnike, da jih bo lahko popeljala",Podarim
&quot;Tigrčki&quot; pa nismo zanimivi?,"Muca Faith na svoj dom čaka že dolgih 9 mesecev... Faith je veterinarsko pregledana, cepljena proti kužnim boleznim in sterilizirana. Je izjemno prijazna",Podarim
Simpatična Pinky,"Tigrica Pinky išče svoj dom. Muca je veterinarsko pregledana, sterilizirana in cepljena proti kužnim boleznim. Prejela je tudi sredstva proti notranjim",Podarim
Podarimo muco zaradi selitve v stanovanje,Pridno in prijazno muco podarimo dobrim ljudem zaradi selitve v stanovanje. Ker je vajena veliko svobode in življenja na podeželju pridejo v poštev le,Podarim
PODARIM majhne mucke,"Podarim majhne mucke, ki nujno potrebujejo nov dom. Mucki so stari približno mesec ali dva. Malo prestrašeni, vendar jih udomačiti ni problem. Muckov je",Podarim
Mačka - paritev!,Išče se samček podobne barve oz. vrste ( mešanka z siamsko mačko) za paritev. Slike z opisom pošljite prosim na mail: ninaaaaa.novak@gmail.com,Po dogovoru
Podarimo muco,"Prijaznim, skrbnim ljudem podarimo eno muco. Muca je popolnoma samostojna. Vajena majhnih otrok. Vajena notranjega ter zunajnega okolja ( uporablja mačje",Podarim
BRITANKA &amp; EXOT (samček),"Prodam samčka starega dobre 4 mesece, mama exotka (kratkodlaka perzijka) očka britanec. Samček je krem barve s čudoviti progami po telesu. Bil je veterinarsko","150,00 €"
Podarim dva mucka črne barve.,"Podarim dva mucka črne barve, zraven dobite še 20 jajc. Informacije na 031616093. Anica",Podarim
maine coon,"V mačkarni SUNIVA imamo na razpolago mladiče, ki so pripravljeni na odhod v nov ljubeči dom in mladiče, za katere sprejemamo rezervacije. Mladički so potomci","600,00 €"
Podarim mucka,Podarimo mucka .. mucek je pregledan kastriran vajen bivanja v stanovanju .Star je 1 leto in po.Zravan podarimo opremo za muce (kletku mačje stranišče,Podarim
Britanska kratkodlaka mačka,"Na nov dom čakata dva modra samčka pasme Britanska kratkodlaka mačka. Mucka sta cepljena, veterinarsko pregledana, čipirana, kastrirana, imata potni list","700,00 €"
mucke,lallala,Podarim
Mlade mucke,Podarim 4 male mucke (najverjetneje 3 samčki in ena samička - črne barve) in njihovo mamico. Odrasla mačka je očitno udomačena in je od nekje prišla in,Podarim
podarim kastriranega mačka,"Zaradi smrti lastnika podarimo starejšega kastriranega mačkona, navajenega čistoče. Kličite popoldne 031 728 722",Podarim
ODDAJA,"Oddam muco in mačka ;stara 2 leti .Čista , maček kastriran .Muca bele barve ;maček črno bele barve.Čista in navajena bivanja tudi zunaj.",Podarim
podarim mladega mucka,podarim mladiga črniga mucka hrani se že z briketi. je zelo cartljiv. več na 031 855 376,Podarim
Male muce - 2 meseca,"Po simbolični ceni 10 evrov prodamo 2 meseca stari, ljubki, igrivi majhni muci. Navajeni sta živeti zunaj. Sta zdravi, navajeni","10,00 €"
"Oddamo mucko: NUŠI, samička","Datum prihoda: 23.09.2016

				NUŠI
		Spol: samička
		Starost ob prihodu: 1 leto in 1 mesec
		Kontakt: info@macjahisa.si,																				</div>",Podarim
majhna mucka,"Podarimo 2 majhna mucka. Črn je mucek, progasta pa je muca.Sta igriva in prijazna. Več info. na tel 041 866 253 ali 040 478",Podarim
MLADE MUCE,"Podarimo 4 mladičke. Imajo tigrast vzorec, so prijazne in igrive. Okolica Murske Sobote-Turnišče. Informacije na 051 654",Podarim
mačke,"Podarim dve mački stari ena  tri leta in pol in eno staro leto in pol. Sta pridni... Jesta brikete konzerve,vodo... Navajeni",Podarim
Tigrasta muca,"Oddam 3 mesce staro muco, ki se je priklatila k nam domov. 
Je samo redno hranjena. 

Info: novakj397@gmail.com ali 041",Podarim
Črna muca,"Oddam 3 mesce staro muco, ki se je priklatila k nam domov. 
Je samo redno hranjena. 

Info: novakj397@gmail.com ali 041",Podarim
mlade muce,"dva lepa muceka iščeta dom!!oba sta mačkona
črni muc je kar dosti dolgo dlak..pravi puhec
smo iz slov. konjic 
tel.070402756","20,00 €"
Britanke skotiš fold,Mali muce 070493737,"350,00 €"
britanka,Modri britanke 070493737,"350,00 €"
MLAD MUCEK,"Mlad mucek išče novi dom!
pokličite 070402756
smo iz slov. konjic","20,00 €"
črn puhast mucek,"Mucek išče novi dom.RODAM ZA SIMBOLIČNO CENO! KER JE LEP, NAVAJEN LJUDI!
POKLIČITE NA ŠTEVILKO 070402756
SMO IZ SLOV.KONJIC","20,00 €"
Mucki,"Odam tri mucke stare tri mesece ogled zasavje tel.031-639-407.
Gos.Franc",Podarim
srčkana mucka,"Aprila rojena mlada mucka. Navajeni ljudi, urejena čistoča, je vse... Zelo različnih barv, živahnia, prijazna..",Podarim
Bengal cat bengal mladići,"Prodaja Bengal moški rojen 31/05/2016
Cena mladiči za hišne 900 evrov
Nahajamo se na Hrvaškem, zelo 50k iz Zagreba
Vse","800,00 €"
podarim 2 muci,za vec info. poklicite na 051325550,Podarim
BELA BRČICA,"BELA BRČICA - samička - odrasla

 Naročna cartljivka, ki si v novem domu želi biti edinka.
 Vet. pregledana, z redno odpravljenimi",Po dogovoru
Muca BONNY,"BONNY - samička - odrasla

 Je simpatična, prijazna, nežna samička. Vedno pripravljena na igro, rada ima druge muce, predvsem",Po dogovoru
Muca OXA,"OXA - samička - mlada

 Veterinarsko pregledana, razgliščena in razbolhana, cepljena, FIV/FeLV negativna, sterilizirana.",Po dogovoru
Muca STACY,"STACY - samička Do tujcev še malo zadržana, ampak ko se sprosti, je cartasta in vesela človeške družbe. Sprejema copataste samčke, naučila se je sobivat",Po dogovoru
Muca MOONY,"MOONY - samička - mlada Več info: 030 926 440 macja.preja@gmail.com ---------------------------------------- Muc je v domači oskrbi prostovoljk, oddaja",Po dogovoru
Simpatičen muc MINT,"MINT - samček - mlad Išče toplo posteljo. Več info: 030 926 440 macja.preja@gmail.com ---------------------------------------- Muc je v domači oskrbi prostovoljk,",Po dogovoru
Muc BOBBY,"BOBBY - samček - odrasel Čeprav ima dve prijazni sestrici, je on še malo nezaupljiv. Je samostojen, neizmerno se rad igra, do drugih muc nekonflikten in",Po dogovoru
Muca ASYA,ASYA - samička - odrasla Oddaja se preko Društva Mačja Preja Več info: 030 926 440 macja.preja@gmail.com ---------------------------------------- Muca,Po dogovoru
FIFY - samička,FIFY - samička - odrasla Oddaja se preko Društva Mačja Preja Več info: 030 926 440 macja.preja@gmail.com ---------------------------------------- Muca,Po dogovoru
Muc Joy,"Joy Joy-a je doletela žalostna usoda premnogih muc. Pri njegovih 8 letih so njegovi skrbniki ugotovili, da zanj enostavno nimajo več časa. Bil izključno",Po dogovoru
"Oddamo mucko: NELI, samička","Datum prihoda: 21.09.2016 NELI Spol: samička Starost ob prihodu: 12 tednov Kontakt: meta@macjahisa.si, 040/260-735 Zelo prijazna, radovedna, igriva, navihana,																				</div>",Podarim
Male mucke,"Štirje mali mucki in ljubka mala mucka iščejo topel in varen dom. Po značaju so zelo prisrčni in ljubki ter igrivi. Navajeni so že notranjega življenja,",Podarim
Podarimo mlade mucke,"Podarimo 3 mucke stare 2 meseca, smo iz okolice Kranja. Za več informacij pokličite na Tel. 031/632-672",Podarim
Mladi mucki (kastrirana in sterilizirana),"Dom iščejo trije mladi mucki najdenčki, stari so približno 4 mesece. Muckov ne moremo obdržati, smo pa za njih poskrbeli do te mere, da so pripravljeni",Podarim
nakladalka pottinger 15,prodam nakladalko pottinger 15 srednje ohranjena 031 393 476,Po dogovoru
mlade muce,podarimo mlade muce 031393476,Podarim
mačji sorojenki,"4-mesečni mačji sorojenki iščeta skupni dom. Sta veterinarsko urejeni, zdravi, prijazni, zaupljivi do ljudi, pred odhodom v nov dom bosta še sterilizirani.",Po dogovoru
Izgubljena mucka,"V Ljubljani, Adamičeva ulica, smo našli mlado tigrasto mucko. Kdo jo pogreša? Pokličite na tel. 031/249-474.",Podarim
Podarim dve mladi mucki,"Podarim dve mlade mucki (belo pisani domači mucki), stari sta približno 6.mesecev...sta zelo igrivi in prikupni. Zelo radi spita skupaj, torej če ima kdo",Podarim
Devon rex muce,"Na voljo imamo 2 fanta pasme Devon Rex, stara 3, 6 meseca. Devon Rex sodijo med zelo zdravo in trdno pasmo mačk, zato bodo ob primerni oskrbi lahko vaši",Po dogovoru
Podarim dve mucki,"Podarim dve zelo prikupni mucki obe sta zelo prijazni, igrivi ter razvajeni.Sta ženskega spola. Iščeta novi dom. 040 593 556 Maruša",Podarim
Mladi mucki,Podarimo 3 igrive in prijazne mlade mucke. So sive barve s tigrastim vzorcem. Samostojno jejo (tudi brikete) in so navajeni na mačje stranišče. Smo iz,Podarim
majhna mucka,"Podarimo 2 majhna mucka. Črn je mucek, progasta pa je muca.Sta igriva in prijazna. Več info. na tel 041 866 253 ali 040 478 695",Podarim
PERZIJSKI MUCKI,"Perzijski mucki, mladički stari 3 mesece v zlato in srebrno osenčeni barvi ter zeleno smaragdnih oči, prisrčnega in ljubeznivega","200,00 €"
Tigrast maček,"Podarimo 4 mlade tigraste mačke (1 samica en 3 samci), stare en mesec.  
Brez rodovnika 

Telefon: 041 609-928",Podarim
Podarimo 2 mali mački,"Sta 2,5 meseca stare in ženskega spola, so zunanje.
Obe sta črtasti, sive so že podarjene

Prevzem v okolici ptuja ali",Podarim
Podarimo male muce,"Podarimo 6 muck, 4 mackone, 2 muci",Podarim
"Perzijke, eksote, maine coon, siamci",info na https://www.facebook.com/groups/1460113430938311/,Po dogovoru
Podarimo,"Podarimo dve mladi mucki (temno sivo in pisano, svetlo siva je že oddana). Za več info pišite.",Podarim
Podarim mucko,"Podarim mlado mucko samičko staro 7 tednov (okolica Nove Gorice).

Mobitel: 041 205 251",Podarim
Podarim eno mlado mucko staro 3 mesce,"Podarim eno mlado sivo tigrasto belo samičko,staro 3 mesce,je navajena na zunanje okolje in lahko tudi notri.Mlada mucka",Podarim
Mala muca,"Po simbolični ceni 10 evrov prodamo 2 meseca staro, ljubko, igrivo majhno muco. Navajena je živeti zunaj. Je zdrava, navajena",Po dogovoru
Podarimo mlade mucke,Prijaznim ljudem podarimo mlade mucke s tigrastim in belotigrastim vzorcem na kožuščku. So zelo prijazni in navajeni družbe,Podarim
maine coon,"Na voljo je samička maine  coon, če si želite obogatiti življenje je prava izbira za vas.
Rodovnik je Cat Fanciers federation","350,00 €"
Podarim mlado muco,"Podarim mlado muco staro 3 mesece je razigrana 
in prijazna. več info na. 041 853 229",Podarim
MALA MUCA-podarim,"Podarimo majhno muco staro cca. 4mesece zelo igrivo in cartljivo.
Muca je bila izgubljena, prijavili smo jo na radio med",Podarim
Muce podarim,"Muce samičke in samce podarim. Lepi, zdravi, veseli, stari 3 mesece. tel 041 325 360, Bela krajina",Podarim
Podarim mački,Podarim črno muco in  črnobelega mačka Beti 041 242 502,Podarim
Perzijski mucki,"Sprejemam rezervacije za perzijske mucke, dve samički in en samček. Mucki bodo za oddajo konec meseca oktobra.
Tel:041-473-922","280,00 €"
Britanka,"Prodam Britanka staro 2 leti.
Več infomacij na telefonsko
041474063","200,00 €"
Mucki,"Dobrim ljudem oddamo mucke, stare 3 mesece.

Sem iz Ljubljane.

Za več informacij sem dosegljiv na tel št. 031 366 650.",Podarim
podarim dva mlada mucka,"dva mlada igriva mucka stara približno 4 mesece, navajena bivanja zunaj in notri, mačjega stranišča.",Podarim
Muc Žučo,"Prijazen mlad muc, ki se je zatekel k nam, išče dom z varnim izhodom. Je veterinarsko pregledan in kastriran. Kontakt 031",Podarim
Felix in Jordan,"Dveletna bratca, zelo prijazna in crkljiva, negativna na FIV in FeLV, cepljena proti kužnim boleznim in čipirana. Iščeta skupen notranji dom. Kontakt 051",Podarim
Maksi in Armani,"Dveletna bratca, zelo prijazna in crkljiva, negativna na FeLV, pozitivna na FIV, čipirana. Iščeta skupen notranji dom s kvalitetno prehrano. Kontakt 051",Podarim
Muca Grey,"Gluha mucka Grey, pozitivna na FeLV(levkozo) potrebuje vsaj začasni dom, ker ima sedanjega samo do oktobra. Seveda pa bi bila najbolj vesela stalnega,",Podarim
Muc Lisko,"Prijazen muc Lisko išče varen in ljubeč dom. Je veterinarsko pregledan, razglisten, razbolhan in cepljen proti kužnim boleznim.. Kontakt 051 314 102.",Podarim
Mucka isceta dom,Podarim dva mlada mucka.,Podarim
Podarimo muco,"Muca je zelo pridna in cartljiva. Zelo rada je in hodi v pesek, tako da je primerna za stanovanje ali hišo. Več info na 031 517 532 Daniela Ogled na Ptuju",Podarim
majhni mucki,"Podarimo 3 majhne mucke , 2 mucka in muco. Eden izmed mucov je črni drugi pa progasti, prav tako je progasta tudi muca. So igrivi in prijazni. Več info.",Podarim
donsfing,gsm 040506402 prodam malega macaka starega 4 mesece.je zelo prijazen.hodi na svoj wc in ima rad bljizino ljudi,"200,00 €"
"Oddamo mucko: BRUNA, samička","Datum prihoda: 16.09.2016 BRUNA Spol: samička Starost ob prihodu: 4 mesece Kontakt: info@macjahisa.si, 040 937 959 Bruna je prijazna, cartjiva, na ljudi																				</div>",Podarim
CASANOVA išče ljubeč dom,"Prijazen, prijeten, cartljiv, na ljudi navezani Casanova išče dom. Je popolnoma nekonflikten do drugih živali. Je zdrav, redno razparaziten, cepljen, kastriran,",Podarim
Bi kdo imel prelepo SUZI,"Suzi je mlada, prijazna, družabna in igriva mucka. Zdrava, cepljena, čipirana, sterilizirana, testirana in negativna na mačji aids in levkozo. Najdena",Podarim
KATRCA išče dom,"Katrca je prijazna, igriva in cartljiva mlada muca. Je zdrava, razparazitena, cepljena, sterilizirana, negativna na FeLV in FIV. Najdena je bila maja 2015",Podarim
"ODDAMO MUCE. ZDRAVE, VESELE IN KOMAJ ČAKAJO NA NOV DOM","Podarimo muce, vse so že dovolj stare za oddajo. Fotografija je stara dva tedna in so sedaj zrasle. Ena sivo-rjava, bela in oranžna sta že oddani. Pokličite",Podarim
"muce,podarimo muce","podarimo štiri mlade prisrčne mucke, vse že samostojno jedo in pijejo, 070/569-899 smo iz celja lep pozdrav Marko.",Podarim
majhni mucki,"Podarimo 3 majhne mucke , 2 mucka in muco. Eden izmed mucov je črni drugi pa progasti, prav tako je progasta tudi muca. So igrivi in prijazni. Več info.",Podarim
ODDAMO TRI MUCKE,"Tri mlade mucke, stare tri mesece in pol, iščejo nov prijeten dom. Pokličite na gsm 041 339 619, lahko tudi dopoldne. ( Angela, Mirna na Dolenjskem )",Podarim
Podarimo mucke,"Prijaznim ljudem podarimo tri spomladanske mucke, črnobel, črnorjav in črn",Podarim
Mladi muc s kmetije,"Mladi muc navajen družbe drugih živali (psi, kokoši, ...), je nezaupljiv kar se tiče božanja ali nošenja po rokah in je tukaj potrebno nekaj truda. Navajen",Podarim
Mlada mucka s kmetije,"Mucka je nežna in prijazna in še ni navajena cartanja, tudi božanja se boji, ampak vzame hrano iz roke in podobno. Da bo bolj zaupala človeku še rabi nekaj",Podarim
"Mucka, mirna in lovka","Mlada mucka, ni navajena cartanja in podobno a jo človeška, pasja, ... bližina, ne moti. Mati je požrtvovalna lovka in bo tudi ona a še rabi nekaj časa,",Podarim
Mucke,Podarim mlade mucke. Zainteresirani pokličite na tel. 031 608 223 Jože.,Podarim
Miren črni muc lovec,"Mlad črni Muc je zelo miren, navajen življenja zunaj, navajen bližine psov a je do ljudi nezaupljiv in si ne pusti blizu. Navajen zelo preproste hrane",Podarim
Prodamo prikupne mucke,Prodamo prikupne 4 mucke različnih barv (glej slike). Več informacij: 041-708-303,Po dogovoru
Podarimo dva lepa črna mačka - 4 mesece stara,"Podarimo dva črna mačka, izberete lahko med: en čisto črn, drugi z rahlimi sivkastimi odtenki, se vidi na sliki razlika (na eni sliki tretji sivi maček",Podarim
Mačka Meine coon (mešančka),"Prodam 6 mesecev stara mačka, brez rodovnika s potnim listom, cepljena in veterinarsko pregledana. Kličite po 11uri!",Po dogovoru
Thai-sijamska mačka,"Za prodajo, leglo siamskih mačk Thai modra točka, 2016/07/07. Mati MUNJA, Thai modra točka. Mladički bodo lahko novi lastniki šele po opravljenem 12 tednov","250,00 €"
muc Jaka,"Prijazen in skrben dom išče muc Jaka, star nekaj več kot leto dni. Je zelo umirjen, prijazen mačkon, kastriran in sobno čist. Vajen je bivanja tudi zunaj.",Po dogovoru
"Tigrasti maček,Tomi","Oddam muca Tomija starega 3 leta, kastriran, čipiran, cepljen, čist (živel samo v stanovanju), navajen otrok in zelo prijazen.Podarim zaradi selitev. Tel.068-177-398",Podarim
Podarim mucke,"Podarim mucka, črno-belega samčka, starega cca. 1, 5 meseca, prijaznega in vajenega ljudi. Primeren za takojšnjo oddajo. Na sms, bolha sporočila ne odgovarjam.",Podarim
Macko podarim,Podarim muco staro 2leti ime ji je hana je cista in prijazna.Navajena je stanovanja muca se ni nikoli bila uzunej razen na balkonu.Podarjam jo dobrim ljudjem,Podarim
majhni mucki,"Podarimo 3 majhne mucke , 2 mucka in muco. Eden izmed mucov je črni drugi pa progasti, prav tako je progasta tudi muca. So igrivi in prijazni. Več info.",Podarim
Maine coon,zaradi pomanjkanja časa in prostora prodam 2 maine coona mačko in mačka.. želim da gresta oba skupaj v novi dom. stara sta 2 leti in 6 mesecev sta sterilizirana,"500,00 €"
Podarim muco,Pozdravljeni vsi kateri bi radi imeli muco za hišnega ljubljenčka. Podarim zelo priljubljeneno muco ki je moškega spola.Zelo rad se igra in je navajen,Podarim
Sijamski Thai Mačići,"Za prodajo, leglo siamskih mačk Thai modra točka, 14.06.2016. Mati CHITA, Thai chocolate point. Mladički bodo lahko novi lastniki šele po opravljenem 12","250,00 €"
Sijamski Thai Mačić,"Za prodajo, leglo siamskih mačk Thai modra točka, 2016/05/05. Mati SIA, Thai chocolate point točka. Mladički bodo lahko novi lastniki šele po opravljenem","200,00 €"
Prodam kratkodlako Britansko macko,"Prodam eno leto in pol starega macka.Vajen je na notranje bivanje in tudi na macji wc. Je zelo cist, navajen na majhne otroke in zelo igriv. Je kastriran,","200,00 €"
PODARIM MLADE MAČKE,"Skrbnemu lastniku podarim 3 mlade muce, okolica Ptuja. ************* Informacije na 041 792 521.",Podarim
Podarim dolgodlake in kratkodlake muce NUJNO,Nasa Bela in Siva sta nas letos znova presenetili z majhnimi kepicami nepricakovano.Mucki so sedaj stari 6 tednov in ze pridno jedo uporabljajo macje stranisce,Podarim
oddamo mlada mucka,"Prikupna mucka Felix in Flek sta stara okrog 4 mesece. Pravih lastnikov nimata, živita zunaj, a jih redno hranimo. Pri hrani nista izbirčna. Hvaležna bosta",Podarim
"Oddamo mucko: NAL, samček","Datum prihoda: 13.09.2016 NAL Spol: samček Starost ob prihodu: 3 mesece Kontakt: info@macjahisa.si, 040 937 959 Nal je radoveden, prijazen muc, po začetni																				</div>",Podarim
"Oddamo mucko: KAN, samček","Datum prihoda: 13.09.2016 KAN Spol: samček Starost ob prihodu: 3 mesece Kontakt: info@macjahisa.si, 040 937 959 Kan je prijazen, prijeten muc, do neznanih																				</div>",Podarim
Mlade mucke in odrasle mačke,"Zaradi bolezni soseda pomagam oddajati mlade mucke od treh mesecev dalje. Odda tudi starejše samice in samce, različnih barv. Samo v dobre roke! ! ! Vse",Podarim
Mladi muci,"Podarimo dve mali muci. Obe muci sta tigrasti. Ena ima malo daljšo dlako. Muce so stare 3 mesece, so razgliščene in dobile ampulo proti bolham. Informacije",Podarim
Kupim mačko donsfing,Kupim mlado macko don sfing. Kontakt na 040336750,Kupim
prodam prečudovite britanke,"21.7.2016 so se nam skotile 4 samičke lila barve. Mucke so vzgojene, čiste, navajene na suho in mokro hrano. Uporabljajo odprti in zaprti mačji wc.Mucke","350,00 €"
MLADA MUCA,"ODDAMO MLADO MUCO, STARO TRINAJST TEDNOV! ŽENSKEGA SPOLA IN ŠEKASTE BARVE! GSM:040303689 NAŠ NASLOV JE:SELCE 12.A 6257 PIVKA",Podarim
MAČKA,Podarim muco. Je prijazna in je rada v družbi. Brez rodovnika.,Podarim
Podarim 3x mačke,Podarim 3x mačke. stari približno štiri mesece. sem z okolice Krškega (Koprivnica). dostava: osebni prevzem po 18h ali po dogovoru. mobi: 031/701-395 mail:,Podarim
"Mačji mladiči, mačka, samica",Podarimo mlado črno samičko mešanko brez rodovnika. Skotila se je 23. 8. in bo na voljo za oddajo čez 2 meseca. Za več informacij me prosim kontaktirajte.,Podarim
Mačke,"Podarim tri muce. Stari so 3 mesece. Eden je črno, dva pa črno bela. Možnost prevzema v Grosuplju.",Podarim
PODARIM mačka,"Podarim mačka po imenu Tajo. Star je 12 let, kastriran, redno cepljen in pregledan, ves čas že živi samo v stanovanju, vajen mačjega stranišča in dobre",Podarim
"Oddamo mucko: ZARA, samička","Datum prihoda: 29.05.2010 ZARA Spol: samička Starost ob prihodu: 8 mesecev Kontakt: 040/937- 959 ZARA, zdrava, cepljena, sterilizirana, nežna in prijazna,																				</div>",Podarim
"Oddamo mucko: PIKCA, samička","Datum prihoda: 27.01.2013 PIKCA Spol: samička Starost ob prihodu: 4 leta in pol Kontakt: 040/937- 959 Pikca je prijazna samostojna muca, ki bolj kot človeško																				</div>",Podarim
4 mlade muce vajene zunanjega bivanja,"Podarimo štiri mlade, zdrave, živahne, prijazne, kmečke muce, vajene zunanjega bivanja, vse ženskega spola, stare nekaj mesecev, izjemno zanimivih barv.",Podarim
podarimo dve muce,"podarimo dve 3, 5 meseca stare muce sta zelo prijazne do otrok in zelo igrive",Podarim
MAINE COON mladički,"Na voljo je le še temno-bel samček, star 12 tednov in samička temne čokoladne barve, ki pa ni na sliki. So navajeni vse hišne higiene, zelo družabni in","220,00 €"
"Oddamo mucko: FILIP, samček","Datum prihoda: 20.08.2016 FILIP Spol: samček Starost ob prihodu: 4 mesece Kontakt: meta@macjahisa.si, 040/260-735 Zelo prijazen, aktiven, igriv in crkljiv																				</div>",Podarim
mladi mucki,"Podarim dve mladi mucki stari pet mesecev in dva mlada mucka stara 3 mesece. So pridni, prijazni... Jejo brikete, konzerve, vodo oziroma tudi mleko. Navajeni",Podarim
"Oddamo mucko: KIMI, samička","Datum prihoda: 17.08.2016 KIMI Spol: samička Starost ob prihodu: 3, 5 mesece Kontakt: info@macjahisa.si, 040 937 959 Kimi je drobna, razigrana mucka, ki																				</div>",Podarim
"Oddamo mucko: ROXY, samička","Datum prihoda: 17.08.2016 ROXY Spol: samička Starost ob prihodu: 12 tednov Kontakt: info@macjahisa.si Nežna, prijazna, igriva, mucka, ki potrebuje človeka																				</div>",Podarim
"Oddamo mucko: ČOPKA, samička","Datum prihoda: 30.09.2016 ČOPKA Spol: samička Starost ob prihodu: 4, 5 mesece Kontakt: info@macjahisa.si, 040 937 959 Čopka je prijetna, nežna mačja mazica.																				</div>",Podarim
"Oddamo mucko: TYSON, samček","Datum prihoda: 14.08.2016 TYSON Spol: samček Starost ob prihodu: 3, 5 mesece Kontakt: info@macjahisa.si, 040 937 959 Živahen, energičen, mehkodlak muc																				</div>",Podarim
"Oddamo mucko: BELLO, samček","Datum prihoda: 16.09.2016 BELLO Spol: samček Starost ob prihodu: 4 mesece Kontakt: meta@macjahisa.si, 040/260-735 Bello je živahen, neugnan muc. Išče dom,																				</div>",Podarim
"Oddamo mucko: PISANKA, samička","Datum prihoda: 14.08.2016 PISANKA Spol: samička Starost ob prihodu: 3, 5 mesece Kontakt: info@macjahisa.si Pisanka je odločna, karakterna mačica, primerna																				</div>",Podarim
MAINE COON mucke (AMERIŠKA GOZDNA DOLGODLAKA MAČKA)-mladički,"Imamo leglo navihanih maine coončkov. Mladički so že dvakrat razgliščeni. Oba starša sta maine coona in sta naša družinska člana. Mamica je tigrasta, oče","120,00 €"
"Oddamo mucko: OTO, samček","Datum prihoda: 28.08.2016 OTO Spol: samček Starost ob prihodu: 4, 5 mesece Kontakt: info@macjahisa.si, 040 937 959 Oto je prijeten muc, do neznanih ljudi																				</div>",Podarim
"Oddamo mucko: DOLLY, samička","Datum prihoda: 28.08.2016 DOLLY Spol: samička Starost ob prihodu: 4, 5 mesece Kontakt: info@macjahisa.si, 040 937 959 Dolly je izredno cartljiva, prijazna																				</div>",Podarim
"Oddamo mucko: OLIVER, samček","Datum prihoda: 07.08.2016 OLIVER Spol: samček Starost ob prihodu: 2 leti in 10 mesecev Kontakt: info@macjahisa.si, 040 937 959 Oliver, po domače Kremšnita,																				</div>",Podarim
"Oddamo mucko: JUN, samček","Datum prihoda: 07.08.2016 JUN Spol: samček Starost ob prihodu: 3, 5 mesece Kontakt: info@macjahisa.si, 040 937 959 Jun je nežen, prijeten muc, ki neznane																				</div>",Podarim
"Oddamo mucko: ACE, samček","Datum prihoda: 07.08.2016 ACE Spol: samček Starost ob prihodu: 4 mesece in pol Kontakt: info@macjahisa.si, 040 937 959 Ace je zelo prijeten, družaben mali																				</div>",Podarim
"Oddamo mucko: PABLO, samček","Datum prihoda: 26.08.2016 PABLO Spol: samček Starost ob prihodu: 1 leto in 3 mesece Kontakt: info@macjahisa.si, 040 937 959 Pablo je nežna mačja dušica,																				</div>",Podarim
"Oddamo mucko: MEDO, samček","Datum prihoda: 26.08.2016 MEDO Spol: samček Starost ob prihodu: 4, 5 mesece Kontakt: info@macjahisa.si, 040 937 959 Medo je prijazen, predoč, igriv mucek,																				</div>",Podarim
"Oddamo mucko: SRČICA, samička","Datum prihoda: 26.08.2016 SRČICA Spol: samička Starost ob prihodu: 4, 5 mesece Kontakt: info@macjahisa.si, 040 937 959 Srčica je zelo prijetna, igriva																				</div>",Podarim
"Oddamo mucko: PIKEC, samček","Datum prihoda: 26.08.2016 PIKEC Spol: samček Starost ob prihodu: 4, 5 mesece Kontakt: info@macjahisa.si, 040 937 959 Pikec je izredno prijazen, nežen muc,																				</div>",Podarim
"Oddamo mucko: FELIX, samček","Datum prihoda: 26.08.2016 FELIX Spol: samček Starost ob prihodu: 4, 5 mesece Kontakt: info@macjahisa.si, 040 937 959 Felix je radoveden, sprva rahlo zadržan																				</div>",Podarim
Mucka,"Podarimo mucka! Navajena sta notranjega in zunanjega bivanja. Muc (siv) je star 2, 5 meseca in muca pa 4 mesece. Iz okolice Šentjurja. za več informacij:",Podarim
"Oddamo mucko: PATSY, samička","Datum prihoda: 07.09.2016 PATSY Spol: samička Starost ob prihodu: 4 mesece Kontakt: info@macjahisa.si, 040 937 959 Patsy je živahna razigranka, ki komaj																				</div>",Podarim
"Oddamo mucko: ARTA, samička","Datum prihoda: 07.09.2016 ARTA Spol: samička Starost ob prihodu: 4 mesece Kontakt: info@macjahisa.si, 040 937 959 Arta je prijetna, elegantna mucica, ki																				</div>",Podarim
muca z dalšo dlako,"dobrim ljudem podarimo mucko z dalšo dlako, je samostojna in zelo ljubka.informacije na tel. 041263011",Podarim
"Thai (sijamski, siamski) mačići, siamka, tajski mačke","Olivas Magic Thai, registrirana psarna Thai (stari tip siamski) mačke v Fife (FD KLC, SFDH) in TICA združenje (FS). Naši hišni ljubljenčki, Maza OlivasMagicThai","650,00 €"
Podarim mačko,"Mačka Lili, Prijazna muca, sterilizirana in zdrava, išče skrben in varen dom. zraven podarim tudi mačji wc in igrala..",Podarim
"Oddamo mucko: VALERIE, samička","Datum prihoda: 27.07.2016

				VALERIE
		Spol: samička
		Starost ob prihodu: 15 mesecev
		Kontakt: info@macjahisa.si

		
Nežna,																				</div>",Podarim
Kastracija mucka,"Na območju okolice Maribora iščem nekoga, ki bi mi ugodno kastriral dva mucka. Ponudbe na telefon: 031 778 499.",Kupim
"Oddamo mucko: KAJ, samček","Datum prihoda: 24.07.2016

				KAJ
		Spol: samček
		Starost ob prihodu: 3 mesece in pol
		Kontakt: info@macjahisa.si, 040																				</div>",Podarim
"Oddamo mucko: JENNY, samička","Datum prihoda: 24.07.2016

				JENNY
		Spol: samička
		Starost ob prihodu: 3 mesece
		Kontakt: info@macjahisa.si, 040 937																				</div>",Podarim
"Oddamo mucko: SHANNON, samička","Datum prihoda: 16.09.2016

				SHANNON
		Spol: samička
		Starost ob prihodu: 2 leti in pol
		Kontakt: info@macjahisa.si,																				</div>",Podarim
"Oddamo mucko: SELMA, samička","Datum prihoda: 24.07.2016

				SELMA
		Spol: samička
		Starost ob prihodu: 1 leto in 8 mesecev
		Kontakt: info@macjahisa.si,																				</div>",Podarim
Oddam mlade mucke,"Oddam mlade mucke, so zelo prijazni in igrivi,stari so 5 mesecev in so navajeni živeti zunaj. Tel. 041 874 942",Podarim
Mladički pasme Sibirska mačka z rodovnikom,"V vzrejališču sibirskih mačk SI*Inishka's Winter svoje bodoče nove lastnike čakata še rdeči Dayton ter črni tigrček Charmander,",Po dogovoru
"Oddamo mucko: MARKO, samček","Datum prihoda: 07.09.2016

				MARKO
		Spol: samček
		Starost ob prihodu: 4 mesece
		Kontakt: info@macjahisa.si, 040 937																				</div>",Podarim
"Oddamo mucko: LORRY, samička","Datum prihoda: 07.09.2016

				LORRY
		Spol: samička
		Starost ob prihodu: 4 mesece
		Kontakt: info@macjahisa.si, 040 937																				</div>",Podarim
"Oddamo mucko: Gusarka PINA, samička","Datum prihoda: 07.07.2016

				Gusarka PINA
		Spol: samička
		Starost ob prihodu: 3 mesece
		Kontakt: info@macjahisa.si,																				</div>",Podarim
"Oddamo mucko: JANEZ, samček","Datum prihoda: 16.09.2016

				JANEZ
		Spol: samček
		Starost ob prihodu: 4 mesece
		Kontakt: info@macjahisa.si

		
Janez																				</div>",Podarim
Črno beli muc,"Oddamo črno belega mucka z malo daljšo dlako, star je 3 mesece. Sam jé in uporablja mačje stranišče. Je razglisten in razbolhan,",Po dogovoru
podarim mlado muco,"Podarim mlado muco črne barve, staro 4 mesece in pol. 
Je prijazna, igriva in navajena na pesek. Navajena je biti zunaj",Podarim
"Oddamo mucko: TONKA, samička","Datum prihoda: 17.07.2016

				TONKA
		Spol: samička
		Starost ob prihodu: 1 leto 8 mesecev
		Kontakt: meta@macjahisa.si,																				</div>",Podarim
"Mucki, sestrici Freja in Mila iščeta dom","Mucki sta zdravi, radovedni, igrivi.  V začasnem domu se privajata na pasjo družbo, počasi pa se bosta začeli ozirati za",Podarim
"Oddamo mucko: BARNEY, samček","Datum prihoda: 23.06.2016

				BARNEY
		Spol: samček
		Starost ob prihodu: 2,5 meseca
		Kontakt: info@macjahisa.si, 040 937																				</div>",Podarim
"Oddamo mucko: RONJA, samička","Datum prihoda: 11.06.2016

				RONJA
		Spol: samička
		Starost ob prihodu: 2 leti
		Kontakt: info@macjahisa.si, 040 937 959

		
Ronja																				</div>",Podarim
Mucek,"Pozdravljeni,
zaradi selitve oddam mucka, starega približno 6let. Preden sem ga vzel iz zavetišča so mu amputirali sprednjo",Podarim
CARTLJIVE MUCKE,"prisrčne mucke, cartljive, igrive, ki po svetu kolovratijo od konca aprila iščejo nov domek ... 
info: 041/669-178 (popoldan)",Podarim
Mlada muca,"Podarim mlado muco, staro 2 meseca. Je igriva in navajena zunanjega življenja. Išče lastnika, ki se bo z njo rad ukvarjal.",Podarim
"Oddamo mucko: CAROLINE, samička","Datum prihoda: 27.05.2016

				CAROLINE
		Spol: samička
		Starost ob prihodu: 10 mesecev
		Kontakt: info@macjahisa.si, 040																				</div>",Podarim
muc piki,"PIKI IŠČE DOM
 Pet let star muc Piki išče prijazen dom. Vajen je zunanjega bivanja v varnem okolju. Primeren je za posvojitev,",Po dogovoru
"Oddamo mucko: SINJA, samička","Datum prihoda: 24.05.2016

				SINJA
		Spol: samička
		Starost ob prihodu: 12 mesecev
		Kontakt: info@macjahisa.si, 040 937																				</div>",Podarim
"Oddamo mucko: EBONY, samička","Datum prihoda: 07.09.2016

				EBONY
		Spol: samička
		Starost ob prihodu: 6 let
		Kontakt: info@macjahisa.si, 040 937 959

		
Ebony																				</div>",Podarim
"Oddamo mucko: COMET, samček","Datum prihoda: 02.04.2016

				COMET
		Spol: samček
		Starost ob prihodu: 9 mesecev
		Kontakt: info@macjahisa.si, 040 937																				</div>",Podarim
"Oddamo mucko: TAI, samček","Datum prihoda: 24.05.2016

				TAI
		Spol: samček
		Starost ob prihodu: 8 mesecev
		Kontakt: info@macjahisa.si, 040 937 959

		
																				</div>",Podarim
"Oddamo mucko: AMELIE, samička","Datum prihoda: 07.09.2016

				AMELIE
		Spol: samička
		Starost ob prihodu: 10 mesecev
		Kontakt: info@macjahisa.si, 040																				</div>",Podarim
PEZIJSKI MUC ----PARENJE,"NAŠ SIMBA IŠČE PEZIJSKO MUCO ZA PARENJE.,SIMBA REDNO CEPLJEN KAR JE TUDI VIDNO V POTNEM LISTU.  CENA PO DOGOVURU","8,00 €"
muca Bella,"Bella, stara 5 - 6 mesecev, je bila najdena v zelo slabem stanju. Na veterini so ugotovili, da ima tako zelo gnojno uho,",Po dogovoru
"Siamke,Orientalke-Rodovniške","SIAMKE / ORIENTALKE z rodovnikom V naši mačkarni na voljo leglo siamk/orientalk,tako,da če ste interesent se nam javite...","300,00 €"
"Oddamo mucko: KUKU, samček","Datum prihoda: 15.02.2011

				KUKU
		Spol: samček
		Starost ob prihodu: 1,5 leto
		Kontakt: 040/937- 959

		
KUKU, zdrav,																				</div>",Podarim
"Oddamo mucko: MIŠEK, samček","Datum prihoda: 02.03.2010

				MIŠEK
		Spol: samček
		Starost ob prihodu: 4 mesece
		Kontakt: 040/937- 959

		
Mišek, zdrav,																				</div>",Podarim
Peskovnik za hišne ljubljenčke,Prodam Peskovnik za mačke. lepo ohranjen. V peskovniku še je rola manjših vrečk za iztrebke ter lopatica. Zraven peskovnika,"55,00 €"
NA VOLJO: Siamka,"Na voljo je siamka.

Cena: 100 eur

Kontakt 031 868 021


Eco ležišče:
http://www.bolha.com/zivali/oprema-za-zivali/oprema-za-pse/n...

Oprsnica","100,00 €"
"Oddamo mucko: CHI, samička","Datum prihoda: 08.02.2016

				CHI
		Spol: samička
		Starost ob prihodu: 7 mesecev in pol
		Kontakt: info@macjahisa.si, 040																				</div>",Podarim
mucka Bella,"Muca Bella, stara med 5 in 6 meseci, išče dom!
Njeno življenje do zdaj ni bilo lepo, saj je bila najdena v slabem stanju,",Po dogovoru
"Oddamo mucko: LINO, samček","Datum prihoda: 24.01.2010

				LINO
		Spol: samček
		Starost ob prihodu: 7 mesecev
		Kontakt: 040/937- 959

		
LIno, zdrav,																				</div>",Podarim
"Oddamo mucko: CASANOVA, samček","Datum prihoda: 02.04.2016

				CASANOVA
		Spol: samček
		Starost ob prihodu: 9 mesecev
		Kontakt: info@macjahisa.si, 040																				</div>",Podarim
Maine Coon mladički,"Imamo Maine Coon mladičke, ki iščejo skrbne in ljubeče nove lastnike. Na voljo imamo še štiri samičke. Mucki rastejo v družinskem okolju in se že navajajo","500,00 €"
"Oddamo mucko: KAJA, samička","Datum prihoda: 25.05.2016 KAJA Spol: samička Starost ob prihodu: 4 leta Kontakt: 040/260-735, meta@macjahisa.si Kaja je dobrovoljna, nezahtevna muca, ki																				</div>",Podarim
muca Mimi,"Pomagamo pri oddaji muce Mimi ” Tole je Mimi, izjemno prijazna muca, ki se takoj naveže na človeka, ki jo hrani in crklja. Mimi ima namreč mačjo levkozo,",Podarim
"Oddamo mucko: SUZI, samička","Datum prihoda: 28.02.2016 SUZI Spol: samička Starost ob prihodu: 1, 5 leto Kontakt: meta@macjahisa.si, 040/260-735 Suzi je mlada, prijazna, družabna in																				</div>",Podarim
"Oddamo mucko: NITA, samička",Datum prihoda: 05.12.2015 NITA Spol: samička Starost ob prihodu: 1 leto in pol Kontakt: visinnox@gmail.com; 031/763-064 Zelo prijazna muca Nita išče dom.																				</div>,Podarim
Maine Coon s FIFe rodovnikom,"V pri FIFe in ZFDS registriranem vzrejališču mačk Khalneo*SI so se nam 16.6.2016, skotili trije prekrasni mucki pasme Maine Coon, dva med njimi pa še iščeta",Po dogovoru
"Oddamo mucko: Taylor, samček","Datum prihoda: 02.11.2015 Taylor Spol: samček Starost ob prihodu: 2, 5 leti Kontakt: helena@macjahisa.si, 040/937-959 Taylor je bil najden skupaj s svojo																				</div>",Podarim
"Oddamo mucko: BINA, samička","Datum prihoda: 07.09.2016 BINA Spol: samička Starost ob prihodu: 1 leto Kontakt: info@macjahisa.si, 040 937 959 Bina je krasna muca, nežna, mirna, cartljiva.																				</div>",Podarim
Perzijski maček za parjenje,Iščemo čistokrvnega perzijskega mačka za parjenje naše muce. info: 031-333-636 040-988-489,Kupim
"Oddamo mucko: KEVIN, samček","Datum prihoda: 07.09.2016 KEVIN Spol: samček Starost ob prihodu: 1 leto Kontakt: info@macjahisa.si, 040 937 959 Kevin je prijazen, igriv, nežen muc, rad																				</div>",Podarim
"Oddamo mucko: STUART, samček","Datum prihoda: 07.09.2016 STUART Spol: samček Starost ob prihodu: 1 leto Kontakt: info@macjahisa.si, 040 937 959 Stuart je prijazen, cartljiv in igriv																				</div>",Podarim
"Oddamo mucko: BOB, samček","Datum prihoda: 08.02.2016 BOB Spol: samček Starost ob prihodu: 8 mesecev Kontakt: info@macjahisa.si, 040 937 959 Bob je prijazen in nežen muc, do tujcev																				</div>",Podarim
Podarim mucke,Podarim 4 mucke. Muce so ze tako velike da so pripravljene na oddajo. Nahajajo se v okolici ptuja. Inf: 051208 431 070797877,Podarim
"Oddamo mucko: JUNO, samička","Datum prihoda: 03.04.2016 JUNO Spol: samička Starost ob prihodu: 1 leto in 4 mesece Kontakt: info@macjahisa.si, 040 937 959 Juno je kompaktna mucka s svilnato																				</div>",Podarim
siamski mucek,"Siamski mucek, čistokrvni, brez rodovnika, zdrav, čist, samo notranji, star 5 let, išče siamsko muco za parjenje. Več informacij na mail siamskimuc@gmail.com",Po dogovoru
MAINE COON FIFe pedigree,"Dragi ljubitelji Maine Coon mačk! Obveščamo vas, da imamo nova legla mladičkov ! Dostava mogoča. Maine Coon mladički v mačkarni ""Darkwood*HR"" vas bodo","600,00 €"
"Oddamo mucko: KATRCA, samička","Datum prihoda: 05.05.2016 KATRCA Spol: samička Starost ob prihodu: 1 leto in pol Kontakt: info@macjahisa.si, 040 937 959 Katrca je prijazna, igriva in																				</div>",Podarim
"Britanec (britanka - krem), parjenje","Čudovit, zdrav, star dobro leto in redke krem barve britanec brez rodovnika je na voljo za paritev. Muc je star dve leti. Več informacij: 040 299 699",Po dogovoru
Mucek Viki,"Simpatičen, prijazen, skuliran, scrkljan, krasen mačji mladič. Veterinarsko pregledan, tretiran proti zajedalcem, FIV, FeLV in wood negativen, kastriran.",Podarim
Muca Lisa,"Prijazna, nežna, mlada odrasla muca (okoli leto dni stara), potrebuje novi dom. Je veterinarsko pregledana, zdrava, tretirana proti zajedalcem, cepljena",Podarim
"Oddamo mucko: MANCA, samička","Datum prihoda: 03.08.2015 MANCA Spol: samička Starost ob prihodu: 4 mesece in pol Kontakt: visinnox@gmail.com; 031/763-064 Prijazna, na začetku malce zadržana																				</div>",Podarim
"Oddamo mucko: TIMEY, samička","Datum prihoda: 17.05.2016 TIMEY Spol: samička Starost ob prihodu: 10mesecev Kontakt: info@macjahisa.si, 040 937 959 Timey je prijazna, cartljiva in igriva																				</div>",Podarim
"Oddamo mucko: SARABI, samička","Datum prihoda: 29.06.2015 SARABI Spol: samička Starost ob prihodu: 10 let Kontakt: info@macjahisa.si, 040 937 959 Sarabi je mačja dama v najlepših letih																				</div>",Podarim
"Oddamo mucko: AMBER, samička","Datum prihoda: 29.06.2015 AMBER Spol: samička Starost ob prihodu: 1 leto in 2 meseca Kontakt: info@macjahisa.si, 040 937 959 Amber je drobcena cartljivka,																				</div>",Podarim
"Oddamo mucko: Minnie, samička","Datum prihoda: 16.01.2016 Minnie Spol: samička Starost ob prihodu: 1 leto in pol Kontakt: info@macjahisa.si, 040 937 959 Zelo prijazna, prijetna mini mucica																				</div>",Podarim
"Oddamo mucko: MATEJ, samček","Datum prihoda: 07.04.2016 MATEJ Spol: samček Starost ob prihodu: 1 leto Kontakt: visinnox@gmail.com; 031/763-064 Matej je prijazen mlad muc, ki ima zelo																				</div>",Podarim
"Oddamo mucko: ROZI, samička","Datum prihoda: 28.05.2015 ROZI Spol: samička Starost ob prihodu: 6 mesecev Kontakt: info@macjahisa.si, 040 937 959 Pridna, prijazna, igriva Rozi išče dom.																				</div>",Podarim
"Oddamo mucko: HANNAH, samička","Datum prihoda: 03.08.2016 HANNAH Spol: samička Starost ob prihodu: 2 leti in 2 meseca Kontakt: info@macjahisa.si, 040 937 959 Hannah je nežna, prijazna																				</div>",Podarim
"Oddamo mucko: PIKI, samček","Datum prihoda: 26.05.2016 PIKI Spol: samček Starost ob prihodu: 2 leti Kontakt: info@macjahisa.si, 040 937 959 Piki je bil junija 2014 najden v Trbovljah,																				</div>",Podarim
"Oddamo mucko: PERO, samček","Datum prihoda: 20.05.2015 PERO Spol: samček Starost ob prihodu: 5 mesecev Kontakt: info@macjahisa.si, 040 937 959 Pero je zdrav muc, kompletno veterinarsko																				</div>",Podarim
"Oddamo mucko: LIAM, samček","Datum prihoda: 28.02.2015 LIAM Spol: samček Starost ob prihodu: 1 leto in 10 mesecev Kontakt: info@macjahisa.si, 040 937 959 Liam je mlad odrasel muc mladičkastega																				</div>",Podarim
"Oddamo mucko: OSHA, samička",Datum prihoda: 17.01.2015 OSHA Spol: samička Starost ob prihodu: 1 leto in pol Kontakt: 040/937-959 info@macjahisa.si Prijazna in nežna Osha je umirjenega																				</div>,Podarim
"Oddamo mucko: ROBBIE, samček","Datum prihoda: 17.05.2016 ROBBIE Spol: samček Starost ob prihodu: 1 leto in pol Kontakt: info@macjahisa.si, 040 937 959 Prijazen in nežen muc, rad ima																				</div>",Podarim
"Oddamo mucko: RIO, samček","Datum prihoda: 17.01.2015 RIO Spol: samček Starost ob prihodu: 8 mesecev Kontakt: info@macjahisa.si, 040 937 959 Prijazen in nežen muc, na začetku malo																				</div>",Podarim
"Oddamo mucko: PARIS, samička","Datum prihoda: 15.01.2015 PARIS Spol: samička Starost ob prihodu: 7 mesecev Kontakt: info@macjahisa.si, 040 937 959 Prijazna, igriva, do ljudi sprva zadržana																				</div>",Podarim
"Oddamo mucko: PUPA PUPASTA, samička","Datum prihoda: 22.04.2015 PUPA PUPASTA Spol: samička Starost ob prihodu: 3 leta Kontakt: info@macjahisa.si, 040 937 959 Pupa pupasta je bila najdena kot																				</div>",Podarim
"Oddamo mucko: BIBA, samička","Datum prihoda: 27.05.2015 BIBA Spol: samička Starost ob prihodu: 10 mesecev Kontakt: info@macjahisa.si, 040 937 959 Prijazna, nezahtevna, samostojna igriva																				</div>",Podarim
"Oddamo mucko: FREJA, samička","Datum prihoda: 23.04.2015 FREJA Spol: samička Starost ob prihodu: 9 mesecev Kontakt: 040/937-959 ali helena@macjahisa.si Zelo prijazna muca Freja, zdrava,																				</div>",Podarim
"Oddamo mucko: LEMON, samček",Datum prihoda: 23.09.2016 LEMON Spol: samček Starost ob prihodu: 2 leti Kontakt: visinnox@gmail.com; 031/763-064 po 16. uri Lemon je nežen in prijazen																				</div>,Podarim
"Oddamo mucko: METKICA, samička","Datum prihoda: 04.07.2014 METKICA Spol: samička Starost ob prihodu: 1 leto Kontakt: helena@macjahisa.si Metka je mlada muca, ki je bila najdena povožena.																				</div>",Podarim
"Oddamo mucko: PUPIKA, samička",Datum prihoda: 04.07.2014 PUPIKA Spol: samička Starost ob prihodu: 5 let Kontakt: helena@macjahisa.si Pupika je v našem skrbništvu skorajda od rojstva.																				</div>,Podarim
"Oddamo mucko: TEJKA, samička","Datum prihoda: 30.01.2011 TEJKA Spol: samička Starost ob prihodu: 1 leto Kontakt: 040/937- 959 Tejka, zdrava, cepljena, sterilizirana, rada ima druge živali,																				</div>",Podarim
"Oddamo mucko: NINI, samička","Datum prihoda: 09.11.2013 NINI Spol: samička Starost ob prihodu: 4 leta Kontakt: 040/937-959 ali helena@macjahisa.si Nini je muca, ki so jo odvrgli iz																				</div>",Podarim
"Oddamo mucko: MIŠKA, samička","Datum prihoda: 27.01.2013 MIŠKA Spol: samička Starost ob prihodu: 3, 5 let Kontakt: 040/937- 959 Miška, zdrava, cepljena, sterilizirana, plašna nežna muca,																				</div>",Podarim
"Oddamo mucko: MAKS, samček","Datum prihoda: 20.03.2011 MAKS Spol: samček Starost ob prihodu: 1 leto in pol Kontakt: 031/763-064; visinnox@gmail.com MAKS je nežna dušica, ki potrebuje																				</div>",Podarim
Mucka Lucy išče dom,"Lucy je precej plaha in zadržana mucka, ampak, ko se privadi na nove ljudi, se prelevi v čisto prijazno mačjo damo. Išče varen in ljubeč dom ter posvojitelje,",Podarim
Mucka Aja išče dom,"Aja je zadržana do nepoznanih ljudi, sicer zelo prijazna, nežna, v naročju prede in prede v nedogled. Išče varen in ljubeč dom ter potrpežljive posvojitelje,",Podarim
Mucek Lou išče dom,"Lou je do poznanih ljudi izredno nežen, prijazen, nonstop se drgne pod noge, kompatibilen je tudi z drugimi živalmi. Išče varen in ljubeč dom ter posvojitelje,",Podarim
Muca Merci,"Nežna, prijazna, sterilizirana, cepljena, mirna, notranja muca, stara okoli 5 let in pol. Vajena je družbe drugih muc in psov. Po skoraj 5-ih letih bivanja																				</div>",Podarim
Muc Sunny,"Prijazen, scrkljan, kastriran, cepljen, miren notranji muc star okoli 5 let in pol. Vajen družbe drugih muc in psov. Po skoraj 5-ih letih bivanja v novem																				</div>",Podarim
"Oddamo mucko: PACKAGE, samička","Datum prihoda: 04.04.2015 PACKAGE Spol: samička Starost ob prihodu: 2 leti Kontakt: meta@macjahisa.si, 040/260-735 Package je muca s čudovitim karakterjem																				</div>",Podarim
"Oddamo mucko: ADI, samček","Datum prihoda: 19.11.2012 ADI Spol: samček Starost ob prihodu: 15 mesecev Kontakt: 040/260-735, meta@macjahisa.si Adi je muc s posebnimi potrebami. Najden																				</div>",Podarim
"Oddamo mucko: VANILIA, samička","Datum prihoda: 18.08.2013 VANILIA Spol: samička Starost ob prihodu: 2 leti Kontakt: visinnox@gmail.com; 031/763-064 Drobcena mucka Vanilia, sicer pozitivna																				</div>",Podarim
"Oddamo mucko: Sherlock, samček","Datum prihoda: 27.05.2016 Sherlock Spol: samček Starost ob prihodu: 4 leta Kontakt: 031/763-064; visinnox@gmail.com Dom išče prijaznež Sherlock, velik,																				</div>",Podarim
"Oddamo mucko: TIGI, samček","Datum prihoda: 25.03.2012 TIGI Spol: samček Starost ob prihodu: 3 leta Kontakt: 040/937-959 ali helena@macjahisa.si Tigi je Joletov (Jakijev) brat, v skrbništvu																				</div>",Podarim
"Oddamo mucko: ČUKEC, samček","Datum prihoda: 27.01.2013 ČUKEC Spol: samček Starost ob prihodu: 2 leti Kontakt: 040/937-959 ali helena@macjahisa.si Čukec je zdrav, cepljen, kastriran,																				</div>",Podarim
"Oddamo mucko: GIPSY, samička",Datum prihoda: 19.02.2012 GIPSY Spol: samička Starost ob prihodu: 10 mesecev Kontakt: 040/937-959 ali helena@macjahisa.si Gipsy ima nekaj zdravstvenih																				</div>,Podarim
